"Informazioni cronologiche","Attualmente:","Quando acquisti delle cryptovalute, quanto è importante per te il possibile guadagno a breve-medio termine?","Quando acquisti delle cryptovalute, quanto è importante per te la mission e vision del progetto che c'è dietro?","Quando acquisti delle cryptovalute, quanto è importante l'algoritmo di consenso (ad esempio Proof of Work o Proof of Stake) che c'è dietro?","Valuta quanto sei d'accordo con la seguente affermazione: ""Prima di investire soldi in cryptovalute, preferisco informarmi con podcast,siti e social come Reddit,Telegram ecc.""","Valuta quanto sei d'accordo con la seguente affermazione: ""Ho investito dei soldi in cryptovalute perché sono stato incuriosito da altri famosi influencer (ad esempio Elon Musk), che lo hanno fatto.""","Siamo alla fine del sondaggio, come ultimo task vorrei chiederti di ordinare in ordine di importanza alcuni aspetti legati alle cryptovalute. N.B. 1 rappresenta quello più importante per te, mentre 5 quello meno importante. [1]","Siamo alla fine del sondaggio, come ultimo task vorrei chiederti di ordinare in ordine di importanza alcuni aspetti legati alle cryptovalute. N.B. 1 rappresenta quello più importante per te, mentre 5 quello meno importante. [2]","Siamo alla fine del sondaggio, come ultimo task vorrei chiederti di ordinare in ordine di importanza alcuni aspetti legati alle cryptovalute. N.B. 1 rappresenta quello più importante per te, mentre 5 quello meno importante. [3]","Siamo alla fine del sondaggio, come ultimo task vorrei chiederti di ordinare in ordine di importanza alcuni aspetti legati alle cryptovalute. N.B. 1 rappresenta quello più importante per te, mentre 5 quello meno importante. [4]","Siamo alla fine del sondaggio, come ultimo task vorrei chiederti di ordinare in ordine di importanza alcuni aspetti legati alle cryptovalute. N.B. 1 rappresenta quello più importante per te, mentre 5 quello meno importante. [5]"
"2022/03/29 10:18:10 AM EET","Lavoro","3","3","2","1","1","Redditività","Privacy","Consumo energetico","Sicurezza","Tecnologia"
"2022/03/29 1:42:39 PM EET","Studio","2","4","5","5","3","Sicurezza","Redditività","Tecnologia","Consumo energetico","Privacy"
"2022/03/29 1:47:48 PM EET","Studio","5","5","1","5","2","Sicurezza","Redditività","Consumo energetico","Privacy","Tecnologia"
"2022/03/29 1:49:56 PM EET","Studio","3","4","4","4","5","Redditività","Sicurezza","Tecnologia","Consumo energetico","Privacy"
"2022/03/29 1:51:43 PM EET","Studio","4","4","4","5","2","Consumo energetico","Tecnologia","Redditività","Privacy","Sicurezza"
"2022/03/29 1:54:34 PM EET","Studio","4","3","3","4","2","Tecnologia","Sicurezza","Redditività","Privacy","Consumo energetico"
"2022/03/29 1:55:10 PM EET","Lavoro","4","5","4","4","1","Privacy","Consumo energetico","Redditività","Sicurezza","Tecnologia"
"2022/03/29 1:55:27 PM EET","Studio","5","1","5","1","1","Consumo energetico","Redditività","Privacy","Tecnologia","Sicurezza"
"2022/03/29 1:56:38 PM EET","Lavoro","1","5","4","5","1","Redditività","Tecnologia","Sicurezza","Consumo energetico","Privacy"
"2022/03/29 1:56:53 PM EET","Lavoro","3","5","2","5","3","Sicurezza","Redditività","Privacy","Tecnologia","Consumo energetico"
"2022/03/29 1:58:53 PM EET","Lavoro","4","4","4","3","2","Sicurezza","Tecnologia","Redditività","Consumo energetico","Privacy"
"2022/03/29 2:03:14 PM EET","Studio","4","1","3","5","1","Consumo energetico","Privacy","Redditività","Sicurezza","Tecnologia"
"2022/03/29 2:39:39 PM EET","Entrambe","2","4","3","4","2","Sicurezza","Redditività","Tecnologia","Privacy","Consumo energetico"
"2022/03/29 3:11:51 PM EET","Lavoro","3","4","2","2","1","Tecnologia","Sicurezza","Redditività","Consumo energetico","Privacy"
"2022/03/29 3:15:11 PM EET","Studio","2","5","5","5","5","Redditività","Sicurezza","Tecnologia","Privacy","Consumo energetico"
"2022/03/29 6:35:17 PM EET","Studio","4","3","2","5","2","Redditività","Tecnologia","Sicurezza","Consumo energetico","Privacy"
"2022/03/29 7:08:00 PM EET","Studio","3","4","4","5","4","Consumo energetico","Redditività","Privacy","Tecnologia","Sicurezza"
"2022/03/29 11:11:20 PM EET","Studio","4","2","3","4","3","Redditività","Sicurezza","Tecnologia","Privacy","Consumo energetico"
"2022/03/30 10:45:56 AM EET","Studio","4","3","4","4","3","Redditività","Tecnologia","Sicurezza","Privacy","Consumo energetico"
"2022/03/30 11:06:50 AM EET","Entrambe","3","3","3","5","1","Privacy","Redditività","Tecnologia","Consumo energetico","Sicurezza"
"2022/03/30 4:21:45 PM EET","Studio","4","2","3","4","4","Redditività","Sicurezza","Privacy","Tecnologia","Consumo energetico"
"2022/03/31 5:56:17 PM EET","Studio","3","3","4","4","1","Sicurezza","Tecnologia","Privacy","Redditività","Consumo energetico"
"2022/04/03 11:44:35 AM EET","Studio","2","2","4","5","1","Sicurezza","Tecnologia","Redditività","Consumo energetico","Privacy"